<?xml version="1.0" encoding="utf-8" standalone="yes" ?>
<rss version="2.0" xmlns:atom="http://www.w3.org/2005/Atom">
  <channel>
    <title>Download Youtube Thumbnail</title>
    <link>https://youtube-thumbnail-grabber.com/</link>
    <description>Recent content on Download Youtube Thumbnail</description>
    <generator>Hugo -- gohugo.io</generator>
    <language>en-us</language>
    <lastBuildDate>Fri, 01 May 2020 16:26:10 +0530</lastBuildDate>
    
	<atom:link href="https://youtube-thumbnail-grabber.com/index.xml" rel="self" type="application/rss+xml" />
    
    
    <item>
      <title>Privacy Policy</title>
      <link>https://youtube-thumbnail-grabber.com/posts/privcaypolicy/</link>
      <pubDate>Fri, 01 May 2020 16:26:10 +0530</pubDate>
      
      <guid>https://youtube-thumbnail-grabber.com/posts/privcaypolicy/</guid>
      <description>Privacy Policy for Youtube thumbnail grabber At Youtube thumbnail grabber, accessible from https://youtube-thumbnail-grabber.com/, one of our main priorities is the privacy of our visitors. This Privacy Policy document contains types of information that is collected and recorded by Youtube thumbnail grabber and how we use it.
If you have additional questions or require more information about our Privacy Policy, do not hesitate to contact us.
This Privacy Policy applies only to our online activities and is valid for visitors to our website with regards to the information that they shared and/or collect in Youtube thumbnail grabber.</description>
    </item>
    
    <item>
      <title>Advent of Code Day2 Question 1</title>
      <link>https://youtube-thumbnail-grabber.com/posts/advent-of-code-day2/</link>
      <pubDate>Sun, 09 Dec 2018 16:23:10 +0530</pubDate>
      
      <guid>https://youtube-thumbnail-grabber.com/posts/advent-of-code-day2/</guid>
      <description>Advent of Code Day 2 Question 1 Answer Advent of Code Day2 Question 1
The below code is done in javascript.
var fs = require(&amp;quot;fs&amp;quot;); fs.readFile(&amp;quot;./input.js&amp;quot;, &amp;quot;utf8&amp;quot;, (err, data) =&amp;gt; { if (err) { throw err; } let twoCount = 0, threeCount = 0; data = data.split(&amp;quot;\n&amp;quot;); for (let loop = 0; loop &amp;lt; data.length; loop++) { let word = data[loop]; let obj = {}; let count3 = false, count2 = false, count2Word; for (let loop2 = 0; loop2 &amp;lt; word.</description>
    </item>
    
    <item>
      <title>Download instagram video and photo download</title>
      <link>https://youtube-thumbnail-grabber.com/instagram/</link>
      <pubDate>Sat, 08 Dec 2018 16:26:10 +0530</pubDate>
      
      <guid>https://youtube-thumbnail-grabber.com/instagram/</guid>
      <description>Download Instagram Video and photosYou need to enable JavaScript to run this app.!function(l){function e(e){for(var r,t,n=e[0],o=e[1],u=e[2],f=0,i=[];f</description>
    </item>
    
    <item>
      <title>Hugo &#43; Netlify for hosting webpages</title>
      <link>https://youtube-thumbnail-grabber.com/posts/hugo-&#43;-netlify/</link>
      <pubDate>Sat, 08 Dec 2018 16:26:10 +0530</pubDate>
      
      <guid>https://youtube-thumbnail-grabber.com/posts/hugo-&#43;-netlify/</guid>
      <description>Moving from free hosting to netlify, and using Hugo for these blogs. When i first started i was using firebase which provides decent bandwidth and storage space simple enough to host the website.
As the functionality like downloading instagram photos and videos grow we moved to blogspot.com for hosting as it is free, which also provides free hosting and customdomain and ssl cert for free.
But the themes and customization options are very much limited.</description>
    </item>
    
    <item>
      <title>Chrome Extension</title>
      <link>https://youtube-thumbnail-grabber.com/posts/chrome-extension/</link>
      <pubDate>Mon, 26 Nov 2018 16:26:10 +0530</pubDate>
      
      <guid>https://youtube-thumbnail-grabber.com/posts/chrome-extension/</guid>
      <description> Chrome extension to simplify download of youtube/vimeo thumbanails You can download the extension from this link Which has more than 3000 users. On installing users can see the option to download the thumanil beside the video.
Which in turns save time of copy/paste the video url to the respective download sites.
There are multiple download options varying from Full HD to all sizes. </description>
    </item>
    
    <item>
      <title>Features of youtube thumbnail Extension</title>
      <link>https://youtube-thumbnail-grabber.com/posts/features-of-thumbnail-download/</link>
      <pubDate>Sat, 10 Nov 2018 16:26:10 +0530</pubDate>
      
      <guid>https://youtube-thumbnail-grabber.com/posts/features-of-thumbnail-download/</guid>
      <description>Features of Download thumbnail extension You don&amp;rsquo;t need to copy the url and paste it in some other website to download the thumbnails of the video you would like. Just head towards the youtube/Vimeo video you would like to download on its respective websites and in the youtube video page you could see the Download image button as seen in the below image. Once you click on the download thumbnails button you would be taken to a website giving you the options to download thumbnails of different sizes.</description>
    </item>
    
    <item>
      <title></title>
      <link>https://youtube-thumbnail-grabber.com/about/download/</link>
      <pubDate>Mon, 01 Jan 0001 00:00:00 +0000</pubDate>
      
      <guid>https://youtube-thumbnail-grabber.com/about/download/</guid>
      <description></description>
    </item>
    
    <item>
      <title></title>
      <link>https://youtube-thumbnail-grabber.com/insta/</link>
      <pubDate>Mon, 01 Jan 0001 00:00:00 +0000</pubDate>
      
      <guid>https://youtube-thumbnail-grabber.com/insta/</guid>
      <description>React AppYou need to enable JavaScript to run this app.!function(l){function e(e){for(var r,t,n=e[0],o=e[1],u=e[2],f=0,i=[];f</description>
    </item>
    
  </channel>
</rss>